Название,Цена,Ссылка
Подвесной светильник Сансет Black,,https://www.divan.ru/product/podvesnoj-svetilnik-sanset-black
Торшер Билли Black,,https://www.divan.ru/product/torsher-billi-black
Подвесной светильник Бабл-9,,https://www.divan.ru/product/podvesnoj-svetilnik-babl-9
Торшер Бабл-1,,https://www.divan.ru/product/torsher-babl-1
Подвесной светильник Бабл-3,,https://www.divan.ru/product/podvesnoj-svetilnik-babl-3
Бра Бабл Black,,https://www.divan.ru/product/bra-babl-black
Настольная лампа Дэнди Black,,https://www.divan.ru/product/nastolnaya-lampa-dendi-black
Настольная лампа Дэнди White,,https://www.divan.ru/product/nastolnaya-lampa-dendi-white
Торшер Варио White,,https://www.divan.ru/product/torsher-vario-white
Бра Варио Black,,https://www.divan.ru/product/bra-vario-black
Бра Варио White,,https://www.divan.ru/product/bra-vario-white
Подвесной светильник Сансет White,,https://www.divan.ru/product/podvesnoj-svetilnik-sanset-white
Подвесной светильник Кэндел Black,,https://www.divan.ru/product/podvesnoj-svetilnik-kendel-black
Подвесной светильник Кэндел White,,https://www.divan.ru/product/podvesnoj-svetilnik-kendel-white
Торшер Вена Beige,,https://www.divan.ru/product/torsher-vena-beige
Настольная лампа Сфера Orange,,https://www.divan.ru/product/nastolnaya-lampa-sfera-orange
Торшер Осло Black,,https://www.divan.ru/product/torsher-oslo-black
Подвесной светильник Кая Black,,https://www.divan.ru/product/podvesnoj-svetilnik-kaya-black
Торшер Вена Black,,https://www.divan.ru/product/torsher-vena-black
Подвесной светильник Кая White,,https://www.divan.ru/product/podvesnoj-svetilnik-kaya-white
Торшер Осло White,,https://www.divan.ru/product/torsher-oslo-white
Настольная лампа Гровер Glass,,https://www.divan.ru/product/nastolnaya-lampa-grover-glass
Настольная лампа Сфера Black,,https://www.divan.ru/product/nastolnaya-lampa-sfera-black
Настольная лампа Машрум Grey,,https://www.divan.ru/product/nastolnaya-lampa-mashrum-grey
Настольная лампа Спайк Green,,https://www.divan.ru/product/nastolnaya-lampa-spajk-green
Настольная лампа Клауд White,,https://www.divan.ru/product/nastolnaya-lampa-klaud-white
Настольная лампа Рэй Black,,https://www.divan.ru/product/nastolnaya-lampa-rej-black
Торшер Рэй White,,https://www.divan.ru/product/torsher-rej-white
Торшер Рэй Black,,https://www.divan.ru/product/torsher-rej-black
Настольная лампа Спайк Orange,,https://www.divan.ru/product/nastolnaya-lampa-spajk-orange
Подвесной светильник Портланд Black,,https://www.divan.ru/product/podvesnoj-svetilnik-portland-black
Настольная лампа Гросс White,,https://www.divan.ru/product/nastolnaya-lampa-gross-white
Торшер Мун Black,,https://www.divan.ru/product/torsher-mun-black
Торшер Билли White,,https://www.divan.ru/product/torsher-billi-white
Торшер Варио Black,,https://www.divan.ru/product/torsher-vario-black
Настольная лампа Раффи Round,,https://www.divan.ru/product/nastolnaya-lampa-raffi-round
Торшер Гросс White,,https://www.divan.ru/product/torsher-gross-white
Торшер Раффи Round,,https://www.divan.ru/product/torsher-raffi-round
Бра Moderli Alina,,https://www.divan.ru/product/bra-moderli-alina
Подвесной светильник Маро Green,,https://www.divan.ru/product/podvesnoj-svetilnik-maro-green
Настольная лампа Рэй White,,https://www.divan.ru/product/nastolnaya-lampa-rej-white
Бра Tarbes-2,,https://www.divan.ru/product/bra-tarbes-2
Светильник потолочный Matthew,,https://www.divan.ru/product/svetilnik-potolochnyj-matthew
Настольная лампа Junior-4,,https://www.divan.ru/product/nastolnaya-lampa-junior-4
Спот Лайт-1 Black,,https://www.divan.ru/product/spot-lajt-1-black
Настольная лампа Junior-3,,https://www.divan.ru/product/nastolnaya-lampa-junior-3
Настольная лампа Junior-1,,https://www.divan.ru/product/nastolnaya-lampa-junior-1
Подвесной светильник Milligan,,https://www.divan.ru/product/podvesnoj-svetilnik-milligan
